<?xml version="1.0" encoding="UTF-8"?>
<beans xmlns="http://www.springframework.org/schema/beans"
	xmlns:xsi="http://www.w3.org/2001/XMLSchema-instance"
	xmlns:context="http://www.springframework.org/schema/context"
	xmlns:tx="http://www.springframework.org/schema/tx"
	xsi:schemaLocation="http://www.springframework.org/schema/beans http://www.springframework.org/schema/beans/spring-beans.xsd
		http://www.springframework.org/schema/context http://www.springframework.org/schema/context/spring-context-4.1.xsd
		http://www.springframework.org/schema/tx http://www.springframework.org/schema/tx/spring-tx-4.1.xsd">

	<!-- Root Context: defines shared resources visible to all other web components -->
	<context:property-placeholder location="classpath:db.properties" />
	<tx:annotation-driven transaction-manager="transactionManager"/>
	
	<!-- c3p0 connection pool -->
	<bean id="dataSource" class="com.mchange.v2.c3p0.ComboPooledDataSource"
		destroy-method="close">
		<property name="driverClass" value="${db.driverClass}" />
		<property name="jdbcUrl" value="${db.jdbcUrl}" />
		<property name="user" value="${db.user}" />
		<property name="password" value="${db.password}" />
		<property name="initialPoolSize" value="${db.initialPoolSize}" />
		<property name="maxPoolSize" value="${db.maxPoolSize}" />
		<property name="minPoolSize" value="${db.minPoolSize}" />
		<property name="maxIdleTime" value="${db.maxIdleTime}" />
		<property name="idleConnectionTestPeriod" value="${db.idleConnectionTestPeriod}" />
	</bean>
	
	<!-- mybatis -->
	<bean class="org.mybatis.spring.SqlSessionFactoryBean" id="sqlSessionFactory">
		<property name="dataSource" ref="dataSource" />
		<property name="configLocation" value="${mybatis.configLocation}" />
		<property name="mapperLocations" value="${mybatis.mapperLocations}" />
		<!-- <property name="typeAliasesPackage" value="${mybatis.typeAliasesPackage}" /> -->
	</bean>
	<bean class="org.mybatis.spring.SqlSessionTemplate" id="sqlSession" destroy-method="clearCache">
		<constructor-arg name="sqlSessionFactory" 
			ref="sqlSessionFactory" />
	</bean>
	
	<!-- transaction -->
	<bean id="transactionManager" class="org.springframework.jdbc.datasource.DataSourceTransactionManager">
		<property name="dataSource" ref="dataSource" /> 
	</bean>
	
		
</beans>
