<?xml version="1.0" encoding="UTF-8"?>
<beans:beans
	xmlns="http://www.springframework.org/schema/mvc"
	xmlns:xsi="http://www.w3.org/2001/XMLSchema-instance"
	xmlns:beans="http://www.springframework.org/schema/beans"
	xmlns:context="http://www.springframework.org/schema/context"
	xsi:schemaLocation="http://www.springframework.org/schema/mvc http://www.springframework.org/schema/mvc/spring-mvc.xsd
		http://www.springframework.org/schema/beans http://www.springframework.org/schema/beans/spring-beans.xsd
		http://www.springframework.org/schema/context http://www.springframework.org/schema/context/spring-context.xsd">

	<!-- Enables the Spring MVC @Controller programming model -->
	<annotation-driven />

	<default-servlet-handler />

	<!-- Handles HTTP GET requests for /resources/** by efficiently serving 
		up static resources in the ${webappRoot}/resources directory -->
	<resources mapping="/resources/**" location="/resources/" />
	
	<view-controller path="/" view-name="index" />
	
	<!-- Resolves views selected for rendering by @Controllers to .jsp resources 
		in the /WEB-INF/views directory -->
	<beans:bean
		class="org.springframework.web.servlet.view.InternalResourceViewResolver">
		<beans:property name="prefix" value="/WEB-INF/views/" />
		<beans:property name="suffix" value=".jsp" />
	</beans:bean>
	
	<beans:bean id="messageSource" class="org.springframework.context.support.ResourceBundleMessageSource">
		<beans:property name="basenames">
			<beans:list>
				<beans:value>message.errors</beans:value>
			</beans:list>
		</beans:property>
		<beans:property name="defaultEncoding" value="utf-8"/>
	</beans:bean>

	<!-- @component annotation이 적용된 클래스를 찾아 bean으로 생성 -->
	<context:component-scan base-package="com.idus" />
	
	<!-- multipartResolver : content-type이 multipart 형식인 요청을 처리하기 위한 클래스 -->
	<beans:bean id="multipartResolver" class="org.springframework.web.multipart.commons.CommonsMultipartResolver">
		<beans:property name="defaultEncoding" value="utf-8" />
	</beans:bean>
	
	<interceptors>
		<interceptor>
			<mapping path="/**" />
			<mapping path="/index.jsp" />
			<!-- <exclude-mapping path="" /> -->
			<beans:bean class="com.idus.auth.service.AutoLoginInterceptor" />
		</interceptor>
	</interceptors>
	
</beans:beans>