<?xml version="1.0" encoding="UTF-8"?>
<!DOCTYPE log4j:configuration SYSTEM "log4j.dtd">

<log4j:configuration
	xmlns:log4j="http://jakarta.apache.org/log4j/">

	<!-- 콘솔 로그 -->
	<appender name="console" class="org.apache.log4j.ConsoleAppender">
		<layout class="org.apache.log4j.PatternLayout">
			<param name="ConversionPattern" value="[%t] [%d{yyyy-MM-dd HH:mm:ss}] %-5p %c:%M - %m%n" />
		</layout>
	</appender>
	
	<!-- 로거 설정 -->
	<logger name="org.springframework" additivity="false">
		<level value="info" />
	</logger>

	<!-- root 로거 기본 설정 -->
	<root>
		<level value="DEBUG" />
		<appender-ref ref="console" />
	</root>
	
</log4j:configuration>  